{"train_loss": 9.059037208557129, "_timestamp": 1725698372.838262, "_runtime": 273.720064163208, "_step": 11, "validation_loss": 9.059037208557129}