{"train_loss": 7.7940521240234375, "_timestamp": 1725707349.870523, "_runtime": 553.204803943634, "_step": 11, "validation_loss": 7.7940521240234375}